{
    "mean": [
        0.07390018552541733,
        0.07414396107196808,
        0.07412408292293549
    ],
    "std": [
        0.14387033879756927,
        0.14430029690265656,
        0.1436910778284073
    ]
}