{
    "RR": {
        "mean": [
            0.08155538886785507,
            0.08013387769460678,
            0.08154118061065674
        ],
        "std": [
            0.14257079362869263,
            0.13999062776565552,
            0.1414150595664978
        ]
    },
    "SR": {
        "mean": [
            0.0417587049305439,
            0.03864005208015442,
            0.03914010152220726
        ],
        "std": [
            0.1112135723233223,
            0.10313046723604202,
            0.10429786145687103
        ]
    },
    "FK": {
        "mean": [
            0.10755433142185211,
            0.10527218133211136,
            0.10602298378944397
        ],
        "std": [
            0.21141064167022705,
            0.20720206201076508,
            0.20871959626674652
        ]
    },
    "JC": {
        "mean": [
            0.07361514121294022,
            0.08150940388441086,
            0.07736866921186447
        ],
        "std": [
            0.13710974156856537,
            0.1516238898038864,
            0.14394134283065796
        ]
    },
    "RR_SR": {
        "mean": [
            0.06883343309164047,
            0.06686939299106598,
            0.06798667460680008
        ],
        "std": [
            0.13463625311851501,
            0.1307940036058426,
            0.13218829035758972
        ]
    },
    "RR_FK": {
        "mean": [
            0.08545602858066559,
            0.0839054062962532,
            0.08521420508623123
        ],
        "std": [
            0.15514050424098969,
            0.15224644541740417,
            0.15365616977214813
        ]
    },
    "RR_JC": {
        "mean": [
            0.07896348834037781,
            0.0805828869342804,
            0.08017916977405548
        ],
        "std": [
            0.1408606469631195,
            0.14389289915561676,
            0.14225807785987854
        ]
    },
    "SR_FK": {
        "mean": [
            0.05972569063305855,
            0.05683545768260956,
            0.057403985410928726
        ],
        "std": [
            0.14850974082946777,
            0.14260640740394592,
            0.1438458263874054
        ]
    },
    "SR_JC": {
        "mean": [
            0.05793279409408569,
            0.06040559336543083,
            0.0585494339466095
        ],
        "std": [
            0.12604384124279022,
            0.13178591430187225,
            0.12743546068668365
        ]
    },
    "FK_JC": {
        "mean": [
            0.0826764702796936,
            0.08785374462604523,
            0.08501899242401123
        ],
        "std": [
            0.16105353832244873,
            0.16859658062458038,
            0.16425302624702454
        ]
    },
    "RR_SR_FK": {
        "mean": [
            0.07298476994037628,
            0.07098662853240967,
            0.07206461578607559
        ],
        "std": [
            0.1453230232000351,
            0.14148159325122833,
            0.14286144077777863
        ]
    },
    "RR_SR_JC": {
        "mean": [
            0.07001905143260956,
            0.07049936801195145,
            0.07031292468309402
        ],
        "std": [
            0.13526953756809235,
            0.13640254735946655,
            0.13525842130184174
        ]
    },
    "RR_FK_JC": {
        "mean": [
            0.08200157433748245,
            0.08320639282464981,
            0.08292534947395325
        ],
        "std": [
            0.15020062029361725,
            0.15206897258758545,
            0.15092873573303223
        ]
    },
    "SR_FK_JC": {
        "mean": [
            0.06567704677581787,
            0.0674077495932579,
            0.06595847010612488
        ],
        "std": [
            0.1439000517129898,
            0.1470460146665573,
            0.14422553777694702
        ]
    },
    "RR_SR_FK_JC": {
        "mean": [
            0.0731281116604805,
            0.07337962836027145,
            0.07327082008123398
        ],
        "std": [
            0.1434967815876007,
            0.14391852915287018,
            0.1431249976158142
        ]
    }
}