{
    "mean": [
        0.05280042439699173,
        0.05772421509027481,
        0.05537192150950432
    ],
    "std": [
        0.1225237175822258,
        0.13324296474456787,
        0.12739558517932892
    ]
}