{
    "mean": [
        0.07379251718521118,
        0.07403840869665146,
        0.07401523739099503
    ],
    "std": [
        0.14373207092285156,
        0.14417678117752075,
        0.14356261491775513
    ]
}