{
    "mean": [
        0.07379250228404999,
        0.07403842359781265,
        0.07401522248983383
    ],
    "std": [
        0.14373208582401276,
        0.14417681097984314,
        0.14356261491775513
    ]
}