{
    "RR": {
        "mean": [
            0.08155538886785507,
            0.08013387769460678,
            0.08154118061065674
        ],
        "std": [
            0.14257079362869263,
            0.13999062776565552,
            0.1414150595664978
        ]
    },
    "SRT": {
        "mean": [
            0.04126588627696037,
            0.03815816342830658,
            0.03864263370633125
        ],
        "std": [
            0.11024165898561478,
            0.10216638445854187,
            0.10331234335899353
        ]
    },
    "FK": {
        "mean": [
            0.10755433142185211,
            0.10527218133211136,
            0.10602298378944397
        ],
        "std": [
            0.21141064167022705,
            0.20720206201076508,
            0.20871959626674652
        ]
    },
    "JC": {
        "mean": [
            0.07361514121294022,
            0.08150940388441086,
            0.07736866921186447
        ],
        "std": [
            0.13710974156856537,
            0.1516238898038864,
            0.14394134283065796
        ]
    },
    "RR_SRT": {
        "mean": [
            0.06867319345474243,
            0.06671253591775894,
            0.06782478094100952
        ],
        "std": [
            0.1344105303287506,
            0.1305832415819168,
            0.13197341561317444
        ]
    },
    "RR_FK": {
        "mean": [
            0.08545602858066559,
            0.0839054062962532,
            0.08521420508623123
        ],
        "std": [
            0.15514050424098969,
            0.15224644541740417,
            0.15365616977214813
        ]
    },
    "RR_JC": {
        "mean": [
            0.07896348834037781,
            0.0805828869342804,
            0.08017916977405548
        ],
        "std": [
            0.1408606469631195,
            0.14389289915561676,
            0.14225807785987854
        ]
    },
    "SRT_FK": {
        "mean": [
            0.05936339870095253,
            0.05648106709122658,
            0.05703825503587723
        ],
        "std": [
            0.14801856875419617,
            0.14213867485523224,
            0.1433667093515396
        ]
    },
    "SRT_JC": {
        "mean": [
            0.05768769606947899,
            0.06016504019498825,
            0.058301568031311035
        ],
        "std": [
            0.1256522536277771,
            0.1314515620470047,
            0.12707427144050598
        ]
    },
    "FK_JC": {
        "mean": [
            0.0826764702796936,
            0.08785374462604523,
            0.08501899242401123
        ],
        "std": [
            0.16105353832244873,
            0.16859658062458038,
            0.16425302624702454
        ]
    },
    "RR_SRT_FK": {
        "mean": [
            0.0728413462638855,
            0.07084622979164124,
            0.07191972434520721
        ],
        "std": [
            0.14513956010341644,
            0.14131087064743042,
            0.14268721640110016
        ]
    },
    "RR_SRT_JC": {
        "mean": [
            0.06989845633506775,
            0.07038114964962006,
            0.07019100338220596
        ],
        "std": [
            0.13510161638259888,
            0.13625334203243256,
            0.13510242104530334
        ]
    },
    "RR_FK_JC": {
        "mean": [
            0.08200157433748245,
            0.08320639282464981,
            0.08292534947395325
        ],
        "std": [
            0.15020062029361725,
            0.15206897258758545,
            0.15092873573303223
        ]
    },
    "SRT_FK_JC": {
        "mean": [
            0.06546920537948608,
            0.0672038346529007,
            0.06574832648038864
        ],
        "std": [
            0.14361980557441711,
            0.14680109918117523,
            0.14396511018276215
        ]
    },
    "RR_SRT_FK_JC": {
        "mean": [
            0.07301729172468185,
            0.07327097654342651,
            0.07315879315137863
        ],
        "std": [
            0.14335349202156067,
            0.14379052817821503,
            0.14299161732196808
        ]
    }
}