{
    "RR": {
        "mean": [
            0.08155538886785507,
            0.08013387769460678,
            0.08154118061065674
        ],
        "std": [
            0.14257079362869263,
            0.13999062776565552,
            0.1414150595664978
        ]
    },
    "SRT": {
        "mean": [
            0.04126588627696037,
            0.03815816342830658,
            0.03864263370633125
        ],
        "std": [
            0.11024165898561478,
            0.10216638445854187,
            0.10331234335899353
        ]
    },
    "FK": {
        "mean": [
            0.10755433142185211,
            0.10527218133211136,
            0.10602298378944397
        ],
        "std": [
            0.21141064167022705,
            0.20720206201076508,
            0.20871959626674652
        ]
    },
    "RR_SRT": {
        "mean": [
            0.06867319345474243,
            0.06671253591775894,
            0.06782478094100952
        ],
        "std": [
            0.1344105303287506,
            0.1305832415819168,
            0.13197341561317444
        ]
    },
    "RR_FK": {
        "mean": [
            0.08545602858066559,
            0.0839054062962532,
            0.08521420508623123
        ],
        "std": [
            0.15514050424098969,
            0.15224644541740417,
            0.15365616977214813
        ]
    },
    "SRT_FK": {
        "mean": [
            0.05936339870095253,
            0.05648106709122658,
            0.05703825503587723
        ],
        "std": [
            0.14801856875419617,
            0.14213867485523224,
            0.1433667093515396
        ]
    },
    "RR_SRT_FK": {
        "mean": [
            0.0728413462638855,
            0.07084622979164124,
            0.07191972434520721
        ],
        "std": [
            0.14513956010341644,
            0.14131087064743042,
            0.14268721640110016
        ]
    }
}