{
    "RR": {
        "mean": [
            0.08155538141727448,
            0.08013387024402618,
            0.08154120296239853
        ],
        "std": [
            0.14257079362869263,
            0.1399906426668167,
            0.1414150446653366
        ]
    },
    "SR": {
        "mean": [
            0.041265882551670074,
            0.038158170878887177,
            0.03864264115691185
        ],
        "std": [
            0.11024165898561478,
            0.10216639935970306,
            0.10331233590841293
        ]
    },
    "FK": {
        "mean": [
            0.10755433142185211,
            0.10527218133211136,
            0.10602296143770218
        ],
        "std": [
            0.21141064167022705,
            0.20720206201076508,
            0.20871959626674652
        ]
    },
    "JC": {
        "mean": [
            0.07361513376235962,
            0.08150939643383026,
            0.07736868411302567
        ],
        "std": [
            0.13710977137088776,
            0.1516238898038864,
            0.14394131302833557
        ]
    },
    "RR_SR": {
        "mean": [
            0.06867320835590363,
            0.06671253591775894,
            0.06782479584217072
        ],
        "std": [
            0.1344105452299118,
            0.1305832415819168,
            0.13197343051433563
        ]
    },
    "RR_FK": {
        "mean": [
            0.08545602858066559,
            0.08390538394451141,
            0.08521420508623123
        ],
        "std": [
            0.15514054894447327,
            0.1522464156150818,
            0.15365618467330933
        ]
    },
    "RR_JC": {
        "mean": [
            0.07896348088979721,
            0.08058290928602219,
            0.08017918467521667
        ],
        "std": [
            0.1408606916666031,
            0.14389288425445557,
            0.14225806295871735
        ]
    },
    "SR_FK": {
        "mean": [
            0.05936339497566223,
            0.05648107826709747,
            0.05703825503587723
        ],
        "std": [
            0.14801855385303497,
            0.14213865995407104,
            0.1433667093515396
        ]
    },
    "SR_JC": {
        "mean": [
            0.057687707245349884,
            0.060165032744407654,
            0.058301571756601334
        ],
        "std": [
            0.1256522536277771,
            0.1314515769481659,
            0.1270742565393448
        ]
    },
    "FK_JC": {
        "mean": [
            0.082676462829113,
            0.08785375952720642,
            0.08501899242401123
        ],
        "std": [
            0.16105352342128754,
            0.16859659552574158,
            0.16425302624702454
        ]
    },
    "RR_SR_FK": {
        "mean": [
            0.07284136116504669,
            0.07084622979164124,
            0.07191973179578781
        ],
        "std": [
            0.14513958990573883,
            0.14131085574626923,
            0.14268721640110016
        ]
    },
    "RR_SR_JC": {
        "mean": [
            0.06989845633506775,
            0.07038114964962006,
            0.07019100338220596
        ],
        "std": [
            0.13510163128376007,
            0.13625335693359375,
            0.13510243594646454
        ]
    },
    "RR_FK_JC": {
        "mean": [
            0.08200158178806305,
            0.08320638537406921,
            0.08292537927627563
        ],
        "std": [
            0.15020065009593964,
            0.15206894278526306,
            0.15092872083187103
        ]
    },
    "SR_FK_JC": {
        "mean": [
            0.06546920537948608,
            0.06720385700464249,
            0.06574834138154984
        ],
        "std": [
            0.1436198353767395,
            0.14680108428001404,
            0.14396509528160095
        ]
    },
    "RR_SR_FK_JC": {
        "mean": [
            0.07301729917526245,
            0.0732709988951683,
            0.07315883040428162
        ],
        "std": [
            0.14335350692272186,
            0.14379049837589264,
            0.14299161732196808
        ]
    }
}